"","year","chamber","District","Dem","Repub","incumbency","incumbentparty","dummyparty"
"1",2016,"HS",1,0,197166,1,-1,-1
"2",2016,"SEN",1,61142,465610,1,-1,0
"3",2016,"HS",2,32781,0,1,1,1
"4",2016,"HS",3,109521,178787,1,-1,0
"5",2016,"SEN",3,299402,0,0,0,1
"6",2016,"HS",4,176279,100170,0,0,0
"7",2016,"HS",5,32881,181725,1,-1,0
"8",2016,"SEN",5,48098,225317,1,1,0
"9",2016,"HS",6,35590,238828,0,0,0
"10",2016,"HS",7,211797,90027,1,1,0
"11",2016,"SEN",7,329291,168113,1,1,0
"12",2016,"HS",8,104552,78848,1,1,0
"13",2016,"HS",9,208230,96009,1,1,0
"14",2016,"SEN",9,472266,0,0,0,1
"15",2016,"HS",10,280414,0,1,1,1
"16",2016,"HS",11,110804,62896,1,1,0
"17",2016,"SEN",11,418924,0,0,0,1
"18",2016,"HS",12,0,163360,0,0,-1
"19",2016,"HS",13,86315,46883,1,1,0
"20",2016,"SEN",13,491019,156514,1,1,0
"21",2016,"HS",14,215306,0,0,0,1
"22",2016,"HS",15,305747,33399,1,1,0
"23",2016,"SEN",15,392178,0,1,1,1
"24",2016,"HS",16,142863,181312,1,-1,0
"25",2016,"HS",17,172153,27417,1,1,0
"26",2016,"SEN",17,374349,193958,1,1,0
"27",2016,"HS",18,156163,23273,1,1,0
"28",2016,"HS",19,270334,64801,1,1,0
"29",2016,"SEN",19,329477,196613,1,1,0
"30",2016,"HS",20,114001,39507,1,1,0
"31",2016,"HS",21,134810,55978,1,1,0
"32",2016,"SEN",21,242840,265864,0,0,0
"33",2016,"HS",22,148289,51046,1,1,0
"34",2016,"HS",23,0,250306,1,-1,-1
"35",2016,"SEN",23,94350,249661,1,-1,0
"36",2016,"HS",24,154724,0,0,0,1
"37",2016,"HS",25,142423,53153,1,1,0
"38",2016,"SEN",25,422259,300883,0,0,0
"39",2016,"HS",26,42615,80795,1,-1,0
"40",2016,"HS",27,126096,0,0,0,1
"41",2016,"SEN",27,368770,263133,0,0,0
"42",2016,"HS",28,136547,58641,1,1,0
"43",2016,"HS",29,130655,73578,1,1,0
"44",2016,"SEN",29,39600,275177,0,0,0
"45",2016,"HS",30,95996,0,0,0,1
"46",2016,"HS",31,62404,35454,1,1,0
"47",2016,"SEN",31,167574,109238,1,1,0
"48",2016,"HS",32,89195,40791,1,1,0
"49",2016,"HS",33,56086,84000,1,-1,0
"50",2016,"SEN",33,177971,0,1,1,1
"51",2016,"HS",34,45305,123959,0,0,0
"52",2016,"HS",35,147071,177450,0,0,0
"53",2016,"SEN",35,234910,0,0,0,1
"54",2016,"HS",36,6221,142594,1,-1,0
"55",2016,"HS",37,57485,0,0,0,1
"56",2016,"SEN",37,172455,228480,1,-1,0
"57",2016,"HS",38,158832,174748,0,0,0
"58",2016,"HS",39,149668,0,0,0,1
"59",2016,"SEN",39,258686,155053,0,0,0
"60",2016,"HS",40,74589,76537,1,-1,0
"61",2016,"HS",41,223467,134847,1,1,0
"62",2016,"HS",42,130800,166872,1,-1,0
"63",2016,"HS",43,212372,0,0,0,1
"64",2016,"HS",44,109309,76625,1,1,0
"65",2016,"HS",45,221756,111971,1,1,0
"66",2016,"HS",46,155174,0,1,1,1
"67",2016,"HS",47,124864,0,0,0,1
"68",2016,"HS",48,87321,48922,0,0,0
"69",2016,"HS",49,82964,35533,1,1,0
"70",2016,"HS",50,158967,54016,1,1,0
"71",2016,"HS",51,110036,0,1,1,1
"72",2016,"HS",52,89730,0,0,0,1
"73",2016,"HS",53,101916,0,1,1,1
"74",2016,"HS",54,146723,33119,1,1,0
"75",2016,"HS",55,37423,156992,1,-1,0
"76",2016,"HS",56,132210,0,1,1,1
"77",2016,"HS",57,93339,55577,1,1,0
"78",2016,"HS",58,105170,34449,1,1,0
"79",2016,"HS",59,77324,0,1,1,1
"80",2016,"HS",60,77404,64710,1,-1,0
"81",2016,"HS",61,90663,46924,1,1,0
"82",2016,"HS",62,123699,27628,1,1,0
"83",2016,"HS",63,89134,25680,1,1,0
"84",2016,"HS",64,86419,31300,1,1,0
"85",2016,"HS",65,79654,69941,1,-1,0
"86",2016,"HS",66,105336,89308,1,-1,0
"87",2016,"HS",67,60996,107654,1,-1,0
"88",2016,"HS",68,75231,114210,0,0,0
"89",2016,"HS",69,69640,32324,1,1,0
"90",2016,"HS",70,107389,53805,1,1,0
"91",2016,"HS",71,0,216098,0,0,-1
"92",2016,"HS",72,71332,98335,1,-1,0
"93",2016,"HS",73,65662,144653,1,-1,0
"94",2016,"HS",74,89362,114477,1,-1,0
"95",2016,"HS",75,50371,81302,1,-1,0
"96",2016,"HS",76,0,190954,1,-1,-1
"97",2016,"HS",77,88344,121140,1,-1,0
"98",2016,"HS",78,145850,65134,0,0,0
"99",2016,"HS",79,114080,60827,1,1,0
"100",2016,"HS",80,108655,30917,1,1,0
"101",1976,"HS",1,0,70276,0,0,-1
"102",1982,"HS",1,0,80108,1,-1,-1
"103",1984,"HS",1,0,109941,1,-1,-1
"104",1986,"HS",1,31211,77595,1,-1,0
"105",1990,"HS",1,0,68755,1,-1,-1
"106",1992,"HS",1,102093,61623,1,1,0
"107",1994,"HS",1,87749,0,1,1,1
"108",1996,"HS",1,87800,0,0,0,1
"109",1998,"HS",1,0,47662,0,0,-1
"110",2000,"HS",1,0,51753,0,0,-1
"111",2002,"HS",1,0,52659,0,0,-1
"112",2004,"HS",1,0,64587,0,0,-1
"113",2006,"HS",1,99626,0,1,1,1
"114",2008,"HS",1,137777,56870,0,0,0
"115",2012,"HS",1,0,116098,0,0,-1
"116",2014,"HS",1,25186,32345,1,-1,0
"117",1976,"SEN",1,106555,127451,1,1,0
"118",1980,"SEN",1,71041,0,0,0,1
"119",1992,"SEN",1,0,189095,0,0,-1
"120",1996,"SEN",1,125994,0,0,0,1
"121",2000,"SEN",1,144997,0,0,0,1
"122",2004,"SEN",1,141462,0,0,0,1
"123",2012,"SEN",1,150111,263256,0,0,0
"124",1976,"HS",2,74626,0,1,1,1
"125",1978,"HS",2,0,42101,0,0,-1
"126",1980,"HS",2,81884,36504,1,1,0
"127",1982,"HS",2,60610,0,0,0,1
"128",1988,"HS",2,104282,35200,1,1,0
"129",1990,"HS",2,71091,0,1,1,1
"130",1994,"HS",2,0,80604,0,0,-1
"131",1996,"HS",2,0,77827,1,-1,-1
"132",1998,"HS",2,50202,0,0,0,1
"133",2000,"HS",2,38281,104614,1,-1,0
"134",2002,"HS",2,34524,0,0,0,1
"135",2004,"HS",2,62643,115651,1,-1,0
"136",2006,"HS",2,0,95723,1,-1,-1
"137",2012,"HS",2,65302,0,0,0,1
"138",2014,"HS",2,66402,24501,0,0,0
"139",1974,"SEN",2,0,97704,1,-1,-1
"140",1978,"SEN",2,0,99119,0,0,-1
"141",1982,"SEN",2,0,79790,0,0,-1
"142",1986,"SEN",2,0,84580,0,0,-1
"143",1990,"SEN",2,126552,107864,1,1,0
"144",1994,"SEN",2,0,95275,0,0,-1
"145",1998,"SEN",2,137728,0,0,0,1
"146",2002,"SEN",2,0,80079,0,0,-1
"147",2006,"SEN",2,187035,97611,0,0,0
"148",2014,"SEN",2,153358,102706,0,0,0
"149",1974,"HS",3,41972,0,0,0,1
"150",1978,"HS",3,36544,69556,1,-1,0
"151",1980,"HS",3,0,75547,0,0,-1
"152",1984,"HS",3,37305,90249,1,-1,0
"153",1986,"HS",3,44309,58399,0,0,0
"154",1988,"HS",3,0,79681,1,-1,-1
"155",1992,"HS",3,0,85685,0,0,-1
"156",1994,"HS",3,48796,84340,1,-1,0
"157",1996,"HS",3,59159,94765,1,-1,0
"158",2000,"HS",3,52978,0,0,0,1
"159",2002,"HS",3,0,78225,0,0,-1
"160",2004,"HS",3,70126,0,0,0,1
"161",2006,"HS",3,56101,87758,1,-1,0
"162",2010,"HS",3,0,84069,1,-1,-1
"163",2012,"HS",3,69265,86692,1,-1,0
"164",2014,"HS",3,57760,75626,0,0,0
"165",1976,"SEN",3,155403,0,1,1,1
"166",1988,"SEN",3,164608,76798,1,1,0
"167",1996,"SEN",3,0,72097,0,0,-1
"168",2000,"SEN",3,0,71256,0,0,-1
"169",2004,"SEN",3,258166,98332,0,0,0
"170",2008,"SEN",3,326755,80617,0,0,0
"171",1974,"HS",4,0,36820,0,0,-1
"172",1976,"HS",4,74733,26662,0,0,0
"173",1980,"HS",4,76013,0,1,1,1
"174",1982,"HS",4,64904,28121,1,1,0
"175",1990,"HS",4,0,38582,0,0,-1
"176",1992,"HS",4,64400,0,0,0,1
"177",1994,"HS",4,47700,0,0,0,1
"178",1996,"HS",4,76193,0,0,0,1
"179",1998,"HS",4,0,103688,1,-1,-1
"180",2002,"HS",4,45722,91022,1,-1,0
"181",2006,"HS",4,57401,96958,0,0,0
"182",2008,"HS",4,0,166736,1,-1,-1
"183",2010,"HS",4,68306,0,0,0,1
"184",2014,"HS",4,47049,14011,0,0,0
"185",1974,"SEN",4,103969,0,0,0,1
"186",1978,"SEN",4,94448,0,1,1,1
"187",1982,"SEN",4,84565,0,0,0,1
"188",1986,"SEN",4,82733,150060,1,-1,0
"189",1990,"SEN",4,125573,123066,1,-1,0
"190",1994,"SEN",4,111667,133101,0,0,0
"191",2002,"SEN",4,92786,0,0,0,1
"192",2010,"SEN",4,105460,226239,0,0,0
"193",2014,"SEN",4,108219,170082,0,0,0
"194",1974,"HS",5,45873,0,0,0,1
"195",1976,"HS",5,0,27518,0,0,-1
"196",1978,"HS",5,35463,57475,0,0,0
"197",1982,"HS",5,0,48810,0,0,-1
"198",1984,"HS",5,70450,0,1,1,1
"199",1986,"HS",5,46289,0,0,0,1
"200",1988,"HS",5,64248,93188,1,-1,0
"201",1990,"HS",5,49682,82757,1,-1,0
"202",1992,"HS",5,0,93833,0,0,-1
"203",1998,"HS",5,51150,0,0,0,1
"204",2002,"HS",5,37277,0,0,0,1
"205",2004,"HS",5,0,104895,0,0,-1
"206",2006,"HS",5,48325,0,0,0,1
"207",2008,"HS",5,71733,0,0,0,1
"208",2010,"HS",5,0,71910,0,0,-1
"209",2012,"HS",5,0,82293,0,0,-1
"210",2014,"HS",5,0,95390,1,-1,-1
"211",1976,"SEN",5,0,73812,1,-1,-1
"212",1984,"SEN",5,0,70919,0,0,-1
"213",1988,"SEN",5,184171,82310,1,1,0
"214",1992,"SEN",5,162122,0,0,0,1
"215",2004,"SEN",5,154519,141539,1,1,0
"216",2008,"SEN",5,207108,113778,0,0,0
"217",1974,"HS",6,64472,27665,1,1,0
"218",1980,"HS",6,0,49617,0,0,-1
"219",1982,"HS",6,78356,0,0,0,1
"220",1986,"HS",6,72017,36167,1,1,0
"221",1990,"HS",6,61721,0,1,1,1
"222",1994,"HS",6,0,55006,0,0,-1
"223",1996,"HS",6,0,49367,0,0,-1
"224",1998,"HS",6,0,45237,0,0,-1
"225",2000,"HS",6,113439,48163,0,0,0
"226",2002,"HS",6,0,37375,0,0,-1
"227",2006,"HS",6,106589,43864,0,0,0
"228",2008,"HS",6,0,50053,0,0,-1
"229",2012,"HS",6,0,128465,0,0,-1
"230",2014,"HS",6,27813,53778,1,-1,0
"231",1974,"SEN",6,0,30727,0,0,-1
"232",1978,"SEN",6,96764,45430,0,0,0
"233",1982,"SEN",6,0,113444,1,-1,-1
"234",1990,"SEN",6,0,95380,0,0,-1
"235",1998,"SEN",6,0,96227,0,0,-1
"236",2006,"SEN",6,115628,71051,0,0,0
"237",2014,"SEN",6,57062,15355,0,0,0
"238",1974,"HS",7,60380,33842,0,0,0
"239",1978,"HS",7,76220,0,1,1,1
"240",1982,"HS",7,85225,37440,1,1,0
"241",1986,"HS",7,0,38490,0,0,-1
"242",1990,"HS",7,0,82862,0,0,-1
"243",1992,"HS",7,99269,0,0,0,1
"244",1994,"HS",7,73389,0,1,1,1
"245",1996,"HS",7,89864,0,1,1,1
"246",2000,"HS",7,0,45563,0,0,-1
"247",2004,"HS",7,101130,0,0,0,1
"248",2010,"HS",7,86641,0,0,0,1
"249",2014,"HS",7,87763,4869,0,0,0
"250",1976,"SEN",7,73797,0,0,0,1
"251",1980,"SEN",7,150014,67769,0,0,0
"252",1988,"SEN",7,172875,104148,1,1,0
"253",1992,"SEN",7,195777,141709,1,1,0
"254",1996,"SEN",7,160632,0,0,0,1
"255",2000,"SEN",7,197683,0,0,0,1
"256",2008,"SEN",7,256311,128878,0,0,0
"257",1974,"HS",8,0,41353,0,0,-1
"258",1978,"HS",8,0,40016,0,0,-1
"259",1980,"HS",8,54421,0,0,0,1
"260",1984,"HS",8,70219,76167,1,-1,0
"261",1986,"HS",8,43831,73606,0,0,0
"262",1988,"HS",8,47976,0,0,0,1
"263",1990,"HS",8,0,94722,1,-1,-1
"264",1992,"HS",8,83839,53509,1,1,0
"265",1994,"HS",8,62135,50282,1,1,0
"266",1996,"HS",8,0,51707,0,0,-1
"267",2000,"HS",8,92315,0,1,1,1
"268",2004,"HS",8,101171,59842,1,1,0
"269",2010,"HS",8,79787,49714,1,1,0
"270",1978,"SEN",8,95188,39191,1,1,0
"271",1982,"SEN",8,124892,0,1,1,1
"272",1986,"SEN",8,79117,13189,0,0,0
"273",1990,"SEN",8,28946,14941,0,0,0
"274",1994,"SEN",8,42630,30753,0,0,0
"275",2002,"SEN",8,158999,0,1,1,1
"276",2006,"SEN",8,179556,50670,0,0,0
"277",2014,"SEN",8,76604,157031,1,-1,0
"278",1974,"HS",9,47758,0,0,0,1
"279",1976,"HS",9,59079,0,1,1,1
"280",1978,"HS",9,46485,0,1,1,1
"281",1980,"HS",9,0,67603,1,-1,-1
"282",1984,"HS",9,63867,83402,1,-1,0
"283",1986,"HS",9,53553,65154,1,-1,0
"284",1990,"HS",9,52659,63672,1,-1,0
"285",1992,"HS",9,0,33990,0,0,-1
"286",1994,"HS",9,68686,29513,1,1,0
"287",2000,"HS",9,75953,24572,1,1,0
"288",2002,"HS",9,58883,0,1,1,1
"289",2004,"HS",9,0,32734,0,0,-1
"290",2008,"HS",9,92038,0,1,1,1
"291",2010,"HS",9,0,24766,0,0,-1
"292",2014,"HS",9,32829,8111,0,0,0
"293",1976,"SEN",9,0,50970,0,0,-1
"294",1980,"SEN",9,127131,51990,1,1,0
"295",1984,"SEN",9,192317,0,1,1,1
"296",1988,"SEN",9,0,54373,0,0,-1
"297",1992,"SEN",9,227930,0,1,1,1
"298",1996,"SEN",9,0,37341,0,0,-1
"299",2000,"SEN",9,0,30062,0,0,-1
"300",2008,"SEN",9,0,53299,0,0,-1
"301",1974,"HS",10,64817,24983,1,1,0
"302",1976,"HS",10,85036,34213,1,1,0
"303",1980,"HS",10,64357,0,0,0,1
"304",1982,"HS",10,65635,44889,0,0,0
"305",1984,"HS",10,99335,0,1,1,1
"306",1988,"HS",10,83901,62991,1,1,0
"307",1990,"HS",10,69138,0,1,1,1
"308",1992,"HS",10,70731,89449,0,0,0
"309",1994,"HS",10,0,78831,1,-1,-1
"310",1996,"HS",10,70336,0,0,0,1
"311",1998,"HS",10,67249,0,0,0,1
"312",2000,"HS",10,0,92196,1,-1,-1
"313",2004,"HS",10,0,121741,1,-1,-1
"314",2006,"HS",10,46858,84455,1,-1,0
"315",2008,"HS",10,0,87768,0,0,-1
"316",2012,"HS",10,91973,0,1,1,1
"317",2014,"HS",10,75129,15941,1,1,1
"318",1974,"SEN",10,106410,0,1,1,1
"319",1982,"SEN",10,105813,77230,0,0,0
"320",1986,"SEN",10,124290,50179,1,1,0
"321",1990,"SEN",10,111253,72390,1,1,0
"322",2002,"SEN",10,0,46056,0,0,-1
"323",2006,"SEN",10,136846,49638,0,0,0
"324",2010,"SEN",10,139799,0,1,1,1
"325",2014,"SEN",10,59447,19575,0,0,0
"326",1974,"HS",11,63942,0,1,1,1
"327",1978,"HS",11,52821,0,1,1,1
"328",1980,"HS",11,65691,21785,0,0,0
"329",1988,"HS",11,86124,32625,1,1,0
"330",1992,"HS",11,114692,0,1,1,1
"331",1996,"HS",11,0,42137,0,0,-1
"332",1998,"HS",11,80323,36046,1,1,0
"333",2000,"HS",11,98728,0,0,0,1
"334",2002,"HS",11,0,29741,0,0,-1
"335",2004,"HS",11,95912,0,1,1,1
"336",2006,"HS",11,69054,0,0,0,1
"337",2014,"HS",11,28926,20803,1,1,0
"338",1976,"SEN",11,136846,0,1,1,1
"339",1980,"SEN",11,0,72805,0,0,-1
"340",1984,"SEN",11,0,148629,0,0,-1
"341",1988,"SEN",11,100639,0,0,0,1
"342",1992,"SEN",11,0,218855,1,-1,-1
"343",1996,"SEN",11,177155,0,0,0,1
"344",2000,"SEN",11,183887,0,1,1,1
"345",2004,"SEN",11,230484,0,0,0,1
"346",1974,"HS",12,63147,44841,1,1,0
"347",1976,"HS",12,0,49400,0,0,-1
"348",1978,"HS",12,0,46966,0,0,-1
"349",1980,"HS",12,77238,41898,1,1,0
"350",1982,"HS",12,95875,0,1,1,1
"351",1984,"HS",12,130682,0,1,1,1
"352",1988,"HS",12,0,36626,0,0,-1
"353",1990,"HS",12,82766,0,1,1,1
"354",1992,"HS",12,84924,34104,1,1,0
"355",1994,"HS",12,71371,0,1,1,1
"356",1998,"HS",12,80962,19615,1,1,0
"357",2000,"HS",12,110644,23905,1,1,0
"358",2002,"HS",12,72166,0,0,0,1
"359",2004,"HS",12,0,23803,0,0,-1
"360",2006,"HS",12,0,17020,0,0,-1
"361",2012,"HS",12,58517,89821,1,-1,0
"362",2014,"HS",12,10026,40930,1,-1,0
"363",1974,"SEN",12,0,66142,1,-1,-1
"364",1978,"SEN",12,96897,61642,1,1,0
"365",1982,"SEN",12,0,76327,0,0,-1
"366",1986,"SEN",12,90911,71464,1,1,0
"367",1990,"SEN",12,106857,73912,1,1,0
"368",1994,"SEN",12,96542,0,1,1,1
"369",1998,"SEN",12,91623,0,0,0,1
"370",2002,"SEN",12,72034,0,0,0,1
"371",2014,"SEN",12,23561,43078,1,-1,0
"372",1974,"HS",13,46738,13449,1,1,0
"373",1976,"HS",13,56473,0,1,1,1
"374",1980,"HS",13,53667,0,1,1,1
"375",1988,"HS",13,74802,0,1,1,1
"376",1990,"HS",13,52860,13682,0,0,0
"377",1992,"HS",13,103799,28253,1,1,0
"378",1994,"HS",13,0,21488,0,0,-1
"379",1996,"HS",13,114524,0,0,0,1
"380",1998,"HS",13,95218,17073,1,1,0
"381",2000,"HS",13,0,22037,0,0,-1
"382",2002,"HS",13,0,15278,0,0,-1
"383",2004,"HS",13,148863,0,1,1,1
"384",2014,"HS",13,62976,40572,1,1,0
"385",1976,"SEN",13,104953,92872,0,0,0
"386",1984,"SEN",13,131808,0,1,1,1
"387",1988,"SEN",13,0,65231,0,0,-1
"388",1992,"SEN",13,140081,0,1,1,1
"389",1996,"SEN",13,0,55737,0,0,-1
"390",2000,"SEN",13,0,54076,0,0,-1
"391",2004,"SEN",13,0,62157,0,0,-1
"392",2008,"SEN",13,179855,0,1,1,1
"393",2012,"SEN",13,112321,0,0,0,1
"394",1974,"HS",14,49456,12712,0,0,0
"395",1976,"HS",14,55486,15165,1,1,0
"396",1978,"HS",14,45464,0,1,1,1
"397",1988,"HS",14,80749,30396,1,1,0
"398",1990,"HS",14,0,22593,0,0,-1
"399",1992,"HS",14,126317,0,1,1,1
"400",1994,"HS",14,97999,0,1,1,1
"401",1996,"HS",14,90539,29121,0,0,0
"402",1998,"HS",14,103726,15287,1,1,0
"403",2000,"HS",14,123968,0,1,1,1
"404",2002,"HS",14,102373,0,0,0,1
"405",2004,"HS",14,0,32531,0,0,-1
"406",2008,"HS",14,162432,0,0,0,1
"407",2012,"HS",14,135834,0,1,1,1
"408",2014,"HS",14,47372,7999,1,1,0
"409",1974,"SEN",14,93270,0,1,1,1
"410",1978,"SEN",14,89153,35218,1,1,0
"411",1990,"SEN",14,0,135369,1,-1,-1
"412",1998,"SEN",14,0,174832,0,0,-1
"413",2002,"SEN",14,0,175369,1,-1,-1
"414",2014,"SEN",14,31371,25054,0,0,0
"415",1974,"HS",15,0,26877,0,0,-1
"416",1976,"HS",15,71181,22165,0,0,0
"417",1978,"HS",15,50013,25928,1,1,0
"418",1980,"HS",15,45103,55855,1,1,0
"419",1982,"HS",15,40744,78816,1,-1,0
"420",1984,"HS",15,43736,107402,1,-1,0
"421",1986,"HS",15,38817,80500,1,-1,0
"422",1990,"HS",15,61725,75624,1,-1,0
"423",1996,"HS",15,0,89328,0,0,-1
"424",1998,"HS",15,0,94589,1,-1,-1
"425",2004,"HS",15,91709,113079,1,-1,0
"426",2006,"HS",15,73466,89039,1,-1,0
"427",2008,"HS",15,125897,115096,0,0,0
"428",2012,"HS",15,164929,0,1,1,1
"429",2014,"HS",15,78396,0,0,0,1
"430",1976,"SEN",15,85045,82194,0,0,0
"431",1984,"SEN",15,162173,51582,1,1,0
"432",1988,"SEN",15,176467,0,1,1,1
"433",1992,"SEN",15,0,95142,0,0,-1
"434",1996,"SEN",15,120846,0,0,0,1
"435",2000,"SEN",15,112942,155039,1,-1,0
"436",2004,"SEN",15,157556,0,0,0,1
"437",2012,"SEN",15,122345,0,0,0,1
"438",1974,"HS",16,32315,0,1,1,1
"439",1976,"HS",16,0,11410,0,0,-1
"440",1978,"HS",16,0,8630,0,0,-1
"441",1980,"HS",16,45492,0,1,1,1
"442",1986,"HS",16,66498,0,1,1,1
"443",1988,"HS",16,63672,13263,0,0,0
"444",1990,"HS",16,57557,0,1,1,1
"445",1992,"HS",16,0,24324,0,0,-1
"446",1994,"HS",16,68197,15966,1,1,0
"447",2000,"HS",16,78347,10004,0,0,0
"448",2002,"HS",16,0,11634,0,0,-1
"449",2008,"HS",16,136066,18817,1,1,0
"450",2010,"HS",16,99082,0,1,1,1
"451",2012,"HS",16,125952,86803,1,1,0
"452",2014,"HS",16,47255,25593,0,0,0
"453",1974,"SEN",16,90434,48718,1,1,0
"454",1978,"SEN",16,93012,64300,1,1,0
"455",1982,"SEN",16,94983,76751,1,1,0
"456",1990,"SEN",16,72796,0,0,0,1
"457",1994,"SEN",16,70329,66053,0,0,0
"458",2010,"SEN",16,71334,46717,0,0,0
"459",2014,"SEN",16,7887,14947,1,-1,0
"460",1974,"HS",17,44847,23655,1,1,0
"461",1976,"HS",17,51083,0,1,1,1
"462",1980,"HS",17,53008,27056,1,1,0
"463",1986,"HS",17,0,25069,0,0,-1
"464",1988,"HS",17,0,28159,0,0,-1
"465",1990,"HS",17,0,26572,0,0,-1
"466",1992,"HS",17,57697,59165,0,0,0
"467",1994,"HS",17,45710,44316,0,0,0
"468",1996,"HS",17,54607,0,1,1,1
"469",2000,"HS",17,0,54031,0,0,-1
"470",2008,"HS",17,77525,39480,1,1,0
"471",2010,"HS",17,52219,37293,1,1,0
"472",2012,"HS",17,161124,25728,1,1,0
"473",2014,"HS",17,94992,5843,0,0,0
"474",1980,"SEN",17,117769,0,0,0,1
"475",1984,"SEN",17,148827,78003,1,1,0
"476",1988,"SEN",17,170514,69754,1,1,0
"477",1992,"SEN",17,101715,0,0,0,1
"478",2000,"SEN",17,84427,172723,1,-1,0
"479",2004,"SEN",17,0,179992,0,0,-1
"480",1974,"HS",18,56779,17631,1,1,0
"481",1976,"HS",18,54661,23475,1,1,0
"482",1978,"HS",18,47685,0,1,1,1
"483",1980,"HS",18,0,18733,0,0,-1
"484",1982,"HS",18,51565,0,1,1,1
"485",1984,"HS",18,64866,0,1,1,1
"486",1986,"HS",18,43241,0,0,0,1
"487",1990,"HS",18,65654,0,1,1,1
"488",1992,"HS",18,87971,0,1,1,1
"489",1994,"HS",18,69863,30310,0,0,0
"490",2008,"HS",18,115780,33596,1,1,0
"491",2010,"HS",18,85237,28124,1,1,0
"492",2012,"HS",18,75865,0,0,0,1
"493",2014,"HS",18,44321,7358,1,1,0
"494",1974,"SEN",18,0,57910,0,0,-1
"495",1978,"SEN",18,118153,61384,1,1,0
"496",1982,"SEN",18,0,99540,0,0,-1
"497",1986,"SEN",18,0,62659,0,0,-1
"498",1990,"SEN",18,0,65499,0,0,-1
"499",1994,"SEN",18,158161,109734,0,0,0
"500",1998,"SEN",18,169818,0,1,1,1
"501",2006,"SEN",18,59187,0,0,0,1
"502",2014,"SEN",18,114833,50083,0,0,0
"503",1974,"HS",19,0,21178,0,0,-1
"504",1976,"HS",19,0,21797,0,0,-1
"505",1978,"HS",19,0,21568,0,0,-1
"506",1980,"HS",19,45376,0,1,1,1
"507",1982,"HS",19,0,29059,0,0,-1
"508",1984,"HS",19,67479,35152,1,1,0
"509",1986,"HS",19,56809,20010,0,0,0
"510",1988,"HS",19,67584,0,1,1,1
"511",1992,"HS",19,108428,36020,1,1,0
"512",1994,"HS",19,100602,0,1,1,1
"513",1996,"HS",19,72464,0,0,0,1
"514",1998,"HS",19,75980,0,1,1,1
"515",2004,"HS",19,114277,0,1,1,1
"516",2008,"HS",19,0,39132,0,0,-1
"517",2010,"HS",19,0,33765,0,0,-1
"518",2012,"HS",19,92858,0,0,0,1
"519",2014,"HS",19,57696,17860,1,1,0
"520",1980,"SEN",19,0,153650,0,0,-1
"521",1988,"SEN",19,0,216257,1,-1,-1
"522",2000,"SEN",19,121893,165422,0,0,0
"523",2004,"SEN",19,151085,233365,1,-1,0
"524",2008,"SEN",19,0,207976,0,0,-1
"525",1974,"HS",20,31757,56421,1,-1,0
"526",1976,"HS",20,32726,74214,1,-1,0
"527",1978,"HS",20,45397,49975,0,0,0
"528",1980,"HS",20,0,74656,1,-1,-1
"529",1982,"HS",20,34102,72091,1,-1,0
"530",1988,"HS",20,0,62789,1,-1,-1
"531",1992,"HS",20,83889,47044,1,1,0
"532",1994,"HS",20,0,40885,0,0,-1
"533",1996,"HS",20,70130,44270,1,1,0
"534",1998,"HS",20,52132,38239,0,0,0
"535",2000,"HS",20,75455,0,1,1,1
"536",2002,"HS",20,53304,0,1,1,1
"537",2004,"HS",20,87724,40114,0,0,0
"538",2012,"HS",20,67028,0,0,0,1
"539",1974,"SEN",20,94837,0,0,0,1
"540",1978,"SEN",20,0,37119,0,0,-1
"541",1990,"SEN",20,73610,0,1,1,1
"542",1994,"SEN",20,75345,53528,1,1,0
"543",1998,"SEN",20,0,34120,0,0,-1
"544",2006,"SEN",20,84459,0,0,0,1
"545",2010,"SEN",20,0,37420,0,0,-1
"546",2014,"SEN",20,24332,4395,0,0,0
"547",1980,"HS",21,57903,0,0,0,1
"548",1984,"HS",21,79488,34965,1,1,0
"549",1986,"HS",21,59042,21137,1,1,0
"550",1992,"HS",21,0,55497,0,0,-1
"551",1996,"HS",21,92950,52855,0,0,0
"552",1998,"HS",21,0,35053,0,0,-1
"553",2000,"HS",21,0,53140,0,0,-1
"554",2002,"HS",21,0,42808,0,0,-1
"555",2004,"HS",21,98002,92118,0,0,0
"556",2010,"HS",21,89927,0,0,0,1
"557",2012,"HS",21,63349,45534,0,0,0
"558",2014,"HS",21,19163,12113,1,1,0
"559",1980,"SEN",21,43458,0,0,0,1
"560",1988,"SEN",21,77362,188573,1,-1,0
"561",1996,"SEN",21,0,107039,0,0,-1
"562",2000,"SEN",21,158145,0,0,0,1
"563",2008,"SEN",21,204737,0,0,0,1
"564",2012,"SEN",21,112780,153412,0,0,0
"565",1974,"HS",22,29903,57263,1,-1,0
"566",1978,"HS",22,39045,0,0,0,1
"567",1980,"HS",22,0,64753,0,0,-1
"568",1982,"HS",22,41587,0,0,0,1
"569",1984,"HS",22,0,87583,1,-1,-1
"570",1986,"HS",22,0,57684,0,0,-1
"571",1988,"HS",22,49353,85386,1,-1,0
"572",1990,"HS",22,38382,0,0,0,1
"573",1992,"HS",22,81578,0,1,1,1
"574",1996,"HS",22,0,44505,0,0,-1
"575",2002,"HS",22,48543,0,0,0,1
"576",2004,"HS",22,91561,38746,1,1,0
"577",2010,"HS",22,0,30143,0,0,-1
"578",2012,"HS",22,126519,50684,0,0,0
"579",2014,"HS",22,116515,48131,1,1,0
"580",1974,"SEN",22,0,56315,0,0,-1
"581",1982,"SEN",22,146511,0,0,0,1
"582",1990,"SEN",22,0,62193,0,0,-1
"583",1994,"SEN",22,46613,15847,0,0,0
"584",2002,"SEN",22,68282,0,0,0,1
"585",2006,"SEN",22,0,18581,0,0,-1
"586",2010,"SEN",22,90557,0,0,0,1
"587",2014,"SEN",22,63570,34468,1,1,0
"588",1974,"HS",23,46714,0,1,1,1
"589",1976,"HS",23,45054,38413,1,1,0
"590",1978,"HS",23,34301,20704,1,1,0
"591",1980,"HS",23,48770,0,1,1,1
"592",1982,"HS",23,0,19751,0,0,-1
"593",1988,"HS",23,60269,0,1,1,1
"594",1990,"HS",23,43553,25895,1,1,0
"595",1992,"HS",23,54539,28212,1,1,0
"596",1994,"HS",23,36575,0,1,1,1
"597",2000,"HS",23,58020,0,0,0,1
"598",2002,"HS",23,42461,0,1,1,1
"599",2004,"HS",23,0,26051,0,0,-1
"600",2012,"HS",23,0,69457,0,0,-1
"601",2014,"HS",23,0,1482,1,-1,-1
"602",1976,"SEN",23,110488,48980,1,1,0
"603",1980,"SEN",23,92514,46162,1,1,0
"604",1984,"SEN",23,112234,51521,1,1,0
"605",1992,"SEN",23,198425,117455,0,0,0
"606",1996,"SEN",23,172295,0,1,1,1
"607",2000,"SEN",23,0,79009,0,0,-1
"608",2004,"SEN",23,229321,0,1,1,1
"609",2008,"SEN",23,0,96274,0,0,-1
"610",2012,"SEN",23,123518,159045,0,0,0
"611",1974,"HS",24,0,29475,0,0,-1
"612",1976,"HS",24,65221,40479,1,1,0
"613",1978,"HS",24,60580,30679,1,1,0
"614",1980,"HS",24,0,57217,0,0,-1
"615",1982,"HS",24,51373,0,1,1,1
"616",1986,"HS",24,49729,0,1,1,1
"617",1988,"HS",24,61235,53082,1,1,0
"618",1990,"HS",24,0,32887,0,0,-1
"619",1992,"HS",24,0,86165,1,-1,-1
"620",1996,"HS",24,59504,0,0,0,1
"621",1998,"HS",24,47140,0,0,0,1
"622",2000,"HS",24,78173,69825,0,0,0
"623",2004,"HS",24,94152,0,1,1,1
"624",2006,"HS",24,75769,0,0,0,1
"625",2012,"HS",24,118120,49700,1,1,0
"626",2014,"HS",24,59928,27157,1,1,0
"627",1974,"SEN",24,47378,0,0,0,1
"628",1978,"SEN",24,51075,0,1,1,1
"629",1982,"SEN",24,0,20404,0,0,-1
"630",1986,"SEN",24,49601,0,1,1,1
"631",1990,"SEN",24,39644,0,1,1,1
"632",1994,"SEN",24,0,37950,0,0,-1
"633",1998,"SEN",24,86353,0,1,1,1
"634",2002,"SEN",24,0,29124,0,0,-1
"635",2010,"SEN",24,112792,0,0,0,1
"636",2014,"SEN",24,66834,6805,1,1,1
"637",1974,"HS",25,45732,0,0,0,1
"638",1976,"HS",25,0,15276,0,0,-1
"639",1978,"HS",25,47176,24992,1,1,0
"640",1980,"HS",25,79984,0,1,1,1
"641",1982,"HS",25,0,25677,0,0,-1
"642",1986,"HS",25,0,18941,0,0,-1
"643",1988,"HS",25,0,23759,0,0,-1
"644",1990,"HS",25,52725,0,1,1,1
"645",1994,"HS",25,0,66910,0,0,-1
"646",1996,"HS",25,0,82588,1,-1,-1
"647",2000,"HS",25,0,91478,0,0,-1
"648",2002,"HS",25,42034,68949,1,-1,0
"649",2006,"HS",25,0,79594,0,0,-1
"650",2008,"HS",25,69223,102951,1,-1,0
"651",2012,"HS",25,93487,39159,1,1,0
"652",2014,"HS",25,55797,8079,0,0,0
"653",1980,"SEN",25,0,146675,1,-1,-1
"654",1988,"SEN",25,97823,190717,0,0,0
"655",1992,"SEN",25,0,30666,0,0,-1
"656",1996,"SEN",25,118806,26038,1,1,0
"657",2004,"SEN",25,0,52485,0,0,-1
"658",1974,"HS",26,35963,27599,0,0,0
"659",1978,"HS",26,36877,35342,1,1,0
"660",1980,"HS",26,0,42581,0,0,-1
"661",1982,"HS",26,57205,0,1,1,1
"662",1990,"HS",26,0,27409,0,0,-1
"663",1992,"HS",26,54552,0,1,1,1
"664",1994,"HS",26,42470,0,1,1,1
"665",1998,"HS",26,53059,27848,1,1,0
"666",2002,"HS",26,36069,48540,0,0,0
"667",2006,"HS",26,38990,54703,1,-1,0
"668",2008,"HS",26,65940,70620,0,0,0
"669",2014,"HS",26,3755,51572,0,0,0
"670",1974,"SEN",26,83998,29949,1,1,0
"671",1978,"SEN",26,71400,39011,0,0,0
"672",1990,"SEN",26,0,30984,0,0,-1
"673",1998,"SEN",26,0,12798,0,0,-1
"674",2002,"SEN",26,123814,0,1,1,1
"675",2010,"SEN",26,151733,25728,0,0,0
"676",2014,"SEN",26,130255,0,0,0,1
"677",1974,"HS",27,40973,22842,1,1,0
"678",1976,"HS",27,65711,0,1,1,1
"679",1980,"HS",27,56043,0,1,1,1
"680",1982,"HS",27,52606,26064,0,0,0
"681",1984,"HS",27,81853,0,1,1,1
"682",1986,"HS",27,58099,0,1,1,1
"683",1988,"HS",27,85569,0,1,1,1
"684",1990,"HS",27,48324,0,0,0,1
"685",1992,"HS",27,0,58873,0,0,-1
"686",1994,"HS",27,0,66995,0,0,-1
"687",1996,"HS",27,86099,0,0,0,1
"688",1998,"HS",27,0,38063,0,0,-1
"689",2002,"HS",27,77212,0,0,0,1
"690",2004,"HS",27,129410,59076,1,1,0
"691",2010,"HS",27,102124,50831,1,1,0
"692",2012,"HS",27,91816,26461,1,1,0
"693",2014,"HS",27,34799,15272,1,1,0
"694",1980,"SEN",27,38879,0,0,0,1
"695",1984,"SEN",27,109463,15188,1,1,0
"696",1988,"SEN",27,98937,0,1,1,1
"697",1992,"SEN",27,123956,129010,1,-1,0
"698",1996,"SEN",27,126582,119641,0,0,0
"699",1974,"HS",28,0,50163,1,-1,-1
"700",1976,"HS",28,61322,50314,0,0,0
"701",1978,"HS",28,57144,0,1,1,1
"702",1980,"HS",28,67770,48001,0,0,0
"703",1982,"HS",28,78534,31973,1,1,0
"704",1984,"HS",28,94612,35235,1,1,0
"705",1986,"HS",28,75112,29025,1,1,0
"706",1988,"HS",28,102654,42283,1,1,0
"707",1990,"HS",28,80558,32097,1,1,0
"708",1994,"HS",28,43307,43696,0,0,0
"709",1996,"HS",28,0,53649,1,-1,-1
"710",1998,"HS",28,40652,0,0,0,1
"711",2002,"HS",28,43555,27945,1,1,0
"712",2004,"HS",28,67586,39257,1,1,0
"713",2008,"HS",28,90012,0,1,1,1
"714",2010,"HS",28,56098,33264,0,0,0
"715",2012,"HS",28,108061,0,1,1,1
"716",2014,"HS",28,49963,27627,0,0,0
"717",1974,"SEN",28,73959,21876,1,1,0
"718",1978,"SEN",28,77258,0,1,1,1
"719",1998,"SEN",28,115672,0,0,0,1
"720",2002,"SEN",28,0,64627,0,0,-1
"721",2006,"SEN",28,129151,0,0,0,1
"722",2010,"SEN",28,0,87896,0,0,-1
"723",2014,"SEN",28,17635,120940,0,0,0
"724",1974,"HS",29,27372,0,0,0,1
"725",1986,"HS",29,0,71790,1,-1,-1
"726",1988,"HS",29,0,89935,1,-1,-1
"727",1994,"HS",29,38776,81113,0,0,0
"728",1996,"HS",29,38103,0,0,0,1
"729",2000,"HS",29,38595,0,0,0,1
"730",2002,"HS",29,0,63011,0,0,-1
"731",2004,"HS",29,0,95209,0,0,-1
"732",2006,"HS",29,35163,76719,1,-1,0
"733",2012,"HS",29,137652,62057,0,0,0
"734",2014,"HS",29,104814,42052,1,1,0
"735",1976,"SEN",29,77053,16877,0,0,0
"736",1980,"SEN",29,0,13015,0,0,-1
"737",1988,"SEN",29,0,178131,1,-1,-1
"738",1992,"SEN",29,116021,148754,0,0,0
"739",2000,"SEN",29,125975,0,0,0,1
"740",2004,"SEN",29,101350,0,0,0,1
"741",2008,"SEN",29,127536,0,0,0,1
"742",2012,"SEN",29,131228,160912,1,-1,0
"743",1974,"HS",30,0,30694,1,-1,-1
"744",1978,"HS",30,41157,23348,0,0,0
"745",1984,"HS",30,57397,24695,1,1,0
"746",1990,"HS",30,39414,23793,1,1,0
"747",1992,"HS",30,52566,28048,1,1,0
"748",1994,"HS",30,32901,35940,0,0,0
"749",1998,"HS",30,37058,31116,1,-1,0
"750",2000,"HS",30,56936,29669,1,1,0
"751",2012,"HS",30,79141,41932,1,1,0
"752",2014,"HS",30,38409,31012,1,1,0
"753",1974,"SEN",30,90246,36288,0,0,0
"754",1978,"SEN",30,91854,41504,0,0,0
"755",1982,"SEN",30,88668,0,1,1,1
"756",1986,"SEN",30,80926,0,1,1,1
"757",1998,"SEN",30,0,24520,0,0,-1
"758",2006,"SEN",30,93436,38340,0,0,0
"759",2014,"SEN",30,43743,0,0,0,1
"760",1974,"HS",31,29441,0,0,0,1
"761",1976,"HS",31,0,44655,0,0,-1
"762",1978,"HS",31,50761,37633,1,1,0
"763",1980,"HS",31,84427,0,1,1,1
"764",1982,"HS",31,51815,0,0,0,1
"765",1984,"HS",31,68073,39328,1,1,0
"766",1996,"HS",31,43735,22053,1,1,0
"767",1998,"HS",31,36553,25426,0,0,0
"768",2000,"HS",31,47202,27529,1,1,0
"769",2002,"HS",31,41050,0,1,1,1
"770",2006,"HS",31,45004,0,1,1,1
"771",2008,"HS",31,0,28310,0,0,-1
"772",2010,"HS",31,40947,27606,0,0,0
"773",2012,"HS",31,55626,31282,1,1,0
"774",2014,"HS",31,24853,0,1,1,1
"775",1980,"SEN",31,75026,90196,0,0,0
"776",1988,"SEN",31,89239,197576,1,-1,0
"777",2000,"SEN",31,0,153745,1,-1,-1
"778",2008,"SEN",31,0,186191,1,-1,-1
"779",1974,"HS",32,0,32963,1,-1,-1
"780",1976,"HS",32,26299,42516,1,-1,0
"781",1988,"HS",32,33081,87483,1,-1,0
"782",1990,"HS",32,32457,71592,1,-1,0
"783",1992,"HS",32,42515,0,0,0,1
"784",1994,"HS",32,32812,78551,1,-1,0
"785",1996,"HS",32,0,86790,0,0,-1
"786",2000,"HS",32,0,96178,1,-1,-1
"787",2004,"HS",32,35130,129510,1,-1,0
"788",2008,"HS",32,53789,120628,1,-1,0
"789",2012,"HS",32,38759,34476,0,0,0
"790",2014,"HS",32,17234,12594,1,1,0
"791",1974,"SEN",32,0,30060,0,0,-1
"792",1978,"SEN",32,79837,48415,1,1,0
"793",1990,"SEN",32,51086,80788,1,-1,0
"794",1998,"SEN",32,75424,0,0,0,1
"795",2014,"SEN",32,12148,57064,0,0,0
"796",1974,"HS",33,33094,38611,1,1,0
"797",1976,"HS",33,35044,48206,1,-1,0
"798",1986,"HS",33,0,41197,0,0,-1
"799",1988,"HS",33,30096,60271,1,-1,0
"800",1992,"HS",33,0,86090,0,0,-1
"801",1994,"HS",33,47842,0,0,0,1
"802",1996,"HS",33,52334,84568,1,-1,0
"803",1998,"HS",33,0,76596,0,0,-1
"804",2000,"HS",33,55855,101200,1,-1,0
"805",2004,"HS",33,57673,99864,0,0,0
"806",2008,"HS",33,64740,114316,1,-1,0
"807",2010,"HS",33,0,84629,0,0,-1
"808",2014,"HS",33,0,15756,0,0,-1
"809",1980,"SEN",33,49823,133740,1,-1,0
"810",1984,"SEN",33,0,94678,0,0,-1
"811",1992,"SEN",33,0,191974,0,0,-1
"812",2000,"SEN",33,94176,212705,0,0,0
"813",2008,"SEN",33,157945,219068,0,0,0
"814",1974,"HS",34,35416,0,0,0,1
"815",1986,"HS",34,30681,72220,1,-1,0
"816",1988,"HS",34,41998,0,0,0,1
"817",1992,"HS",34,45533,82792,0,0,0
"818",1996,"HS",34,40534,76248,1,-1,0
"819",1998,"HS",34,30444,0,0,0,1
"820",2000,"HS",34,41203,79261,0,0,0
"821",2002,"HS",34,0,48625,0,0,-1
"822",2004,"HS",34,36819,80149,1,-1,0
"823",2006,"HS",34,0,56880,1,-1,-1
"824",2008,"HS",34,44263,77620,0,0,0
"825",2010,"HS",34,28657,67303,1,-1,0
"826",1974,"SEN",34,70849,0,0,0,1
"827",1978,"SEN",34,100749,80205,1,1,0
"828",1982,"SEN",34,101708,50320,1,1,0
"829",1986,"SEN",34,93410,48421,1,1,0
"830",1994,"SEN",34,44499,0,0,0,1
"831",1998,"SEN",34,62063,58933,1,-1,0
"832",2014,"SEN",34,90734,144892,0,0,0
"833",1974,"HS",35,44042,39956,0,0,0
"834",1978,"HS",35,56332,39163,1,1,0
"835",1980,"HS",35,0,44014,0,0,-1
"836",1984,"HS",35,77470,50117,1,1,0
"837",1986,"HS",35,61423,0,1,1,1
"838",1988,"HS",35,109964,0,1,1,1
"839",1990,"HS",35,60126,29677,1,1,0
"840",1996,"HS",35,44531,0,0,0,1
"841",1998,"HS",35,0,56382,0,0,-1
"842",2000,"HS",35,100432,0,1,1,1
"843",2002,"HS",35,72394,0,1,1,1
"844",2014,"HS",35,32178,52710,1,-1,0
"845",1980,"SEN",35,76653,153265,1,-1,0
"846",1984,"SEN",35,56951,0,0,0,1
"847",1988,"SEN",35,55661,0,0,0,1
"848",1992,"SEN",35,107512,0,0,0,1
"849",1996,"SEN",35,0,183739,0,0,-1
"850",2000,"SEN",35,103700,189523,1,-1,0
"851",2004,"SEN",35,0,230220,0,0,-1
"852",2008,"SEN",35,157271,222149,0,0,0
"853",1974,"HS",36,49585,23269,1,1,0
"854",1976,"HS",36,42574,50874,0,0,0
"855",1980,"HS",36,31738,0,0,0,1
"856",1982,"HS",36,47932,60702,0,0,0
"857",1986,"HS",36,0,77132,1,-1,-1
"858",1988,"HS",36,0,101012,1,-1,-1
"859",1990,"HS",36,0,66081,1,-1,-1
"860",1992,"HS",36,45893,0,0,0,1
"861",1994,"HS",36,0,75686,1,-1,-1
"862",1998,"HS",36,34687,0,0,0,1
"863",2000,"HS",36,0,90712,1,-1,-1
"864",2004,"HS",36,45595,89365,1,-1,0
"865",2006,"HS",36,34863,55712,1,-1,0
"866",2008,"HS",36,74841,79502,0,0,0
"867",2010,"HS",36,48943,66312,1,-1,0
"868",2012,"HS",36,66005,65860,0,0,0
"869",2014,"HS",36,36536,52876,1,1,0
"870",1974,"SEN",36,0,124692,1,-1,-1
"871",1978,"SEN",36,0,125192,0,0,-1
"872",1986,"SEN",36,115868,72904,1,1,0
"873",1994,"SEN",36,0,121263,0,0,-1
"874",2002,"SEN",36,53280,0,0,0,1
"875",2006,"SEN",36,85706,0,0,0,1
"876",2010,"SEN",36,101112,0,0,0,1
"877",2014,"SEN",36,41422,169558,0,0,0
"878",1976,"HS",37,46515,56129,1,-1,0
"879",1980,"HS",37,0,66934,0,0,-1
"880",1982,"HS",37,38574,0,0,0,1
"881",1984,"HS",37,0,105919,1,-1,-1
"882",1986,"HS",37,25736,0,0,0,1
"883",1988,"HS",37,37617,0,0,0,1
"884",1990,"HS",37,44773,0,0,0,1
"885",1992,"HS",37,0,66364,0,0,-1
"886",1994,"HS",37,31738,0,0,0,1
"887",1998,"HS",37,0,49853,0,0,-1
"888",2000,"HS",37,64691,0,0,0,1
"889",2004,"HS",37,74774,0,0,0,1
"890",2006,"HS",37,58305,78943,1,-1,0
"891",2008,"HS",37,93857,102087,1,-1,0
"892",2010,"HS",37,64413,90649,0,0,0
"893",2012,"HS",37,115532,75643,1,1,0
"894",2014,"HS",37,43124,57971,1,1,0
"895",1976,"SEN",37,119047,57578,0,0,0
"896",1988,"SEN",37,0,212274,1,-1,-1
"897",1996,"SEN",37,75943,0,0,0,1
"898",2000,"SEN",37,94391,0,0,0,1
"899",2004,"SEN",37,123602,182578,1,-1,0
"900",2008,"SEN",37,157142,190415,0,0,0
"901",2012,"SEN",37,160595,213086,1,-1,0
"902",1976,"HS",38,50424,70914,1,-1,0
"903",1980,"HS",38,63001,0,0,0,1
"904",1982,"HS",38,0,58558,1,-1,-1
"905",1984,"HS",38,43371,84046,1,-1,0
"906",1990,"HS",38,0,50496,0,0,-1
"907",1992,"HS",38,59742,0,0,0,1
"908",1994,"HS",38,0,74382,1,-1,-1
"909",1996,"HS",38,0,71597,0,0,-1
"910",2000,"HS",38,0,74581,0,0,-1
"911",2002,"HS",38,0,64757,1,-1,-1
"912",2006,"HS",38,46926,0,0,0,1
"913",2008,"HS",38,84936,103761,1,-1,0
"914",2010,"HS",38,55062,0,0,0,1
"915",2014,"HS",38,39022,52771,1,-1,0
"916",1974,"SEN",38,84191,119402,0,0,0
"917",1978,"SEN",38,94162,159923,0,0,0
"918",1982,"SEN",38,71554,0,0,0,1
"919",1994,"SEN",38,60916,155906,1,-1,0
"920",1998,"SEN",38,0,136889,0,0,-1
"921",2002,"SEN",38,0,132577,1,-1,-1
"922",2010,"SEN",38,0,169769,1,-1,-1
"923",2014,"SEN",38,101722,234443,1,-1,0
"924",1974,"HS",39,0,16316,0,0,-1
"925",1978,"HS",39,0,30526,0,0,-1
"926",1980,"HS",39,38081,34500,1,-1,0
"927",1982,"HS",39,43392,0,1,1,1
"928",1986,"HS",39,44009,28787,1,1,0
"929",1988,"HS",39,0,21719,0,0,-1
"930",1992,"HS",39,0,16739,0,0,-1
"931",1998,"HS",39,41841,0,1,1,1
"932",2000,"HS",39,54466,0,1,1,1
"933",2004,"HS",39,56017,16936,1,1,0
"934",2008,"HS",39,59495,0,0,0,1
"935",2010,"HS",39,43267,0,1,1,1
"936",2012,"HS",39,62612,0,0,0,1
"937",2014,"HS",39,38229,36,1,1,1
"938",1976,"SEN",39,153724,81700,1,-1,0
"939",1980,"SEN",39,86957,150263,0,0,0
"940",1988,"SEN",39,72908,0,0,0,1
"941",1992,"SEN",39,187353,102419,0,0,0
"942",1996,"SEN",39,0,126653,0,0,-1
"943",2000,"SEN",39,160834,112454,1,1,0
"944",2004,"SEN",39,200737,0,0,0,1
"945",2008,"SEN",39,227475,0,1,1,1
"946",1980,"HS",40,56447,25678,1,1,0
"947",1982,"HS",40,65110,25880,1,1,0
"948",1984,"HS",40,71144,0,1,1,1
"949",1986,"HS",40,60811,22899,1,1,0
"950",1988,"HS",40,75161,0,1,1,1
"951",1990,"HS",40,47215,0,1,1,1
"952",1992,"HS",40,66597,0,0,0,1
"953",1994,"HS",40,45926,0,1,1,1
"954",1998,"HS",40,0,18998,0,0,-1
"955",2000,"HS",40,0,22808,0,0,-1
"956",2004,"HS",40,69421,50323,1,1,0
"957",2008,"HS",40,0,32973,0,0,-1
"958",2010,"HS",40,56208,36069,1,1,0
"959",2014,"HS",40,42810,59595,0,0,0
"960",1982,"SEN",40,103651,36012,0,0,0
"961",1986,"SEN",40,0,36231,0,0,-1
"962",1990,"SEN",40,72771,47058,1,1,0
"963",1998,"SEN",40,103669,0,1,1,1
"964",2002,"SEN",40,66405,0,0,0,1
"965",2006,"SEN",40,0,47601,0,0,-1
"966",2014,"SEN",40,133711,0,0,0,1
"967",1974,"HS",41,23060,0,0,0,1
"968",1976,"HS",41,0,73645,1,-1,-1
"969",1978,"HS",41,24334,50974,0,0,0
"970",1980,"HS",41,0,66884,1,-1,-1
"971",1982,"HS",41,0,86809,1,-1,-1
"972",1984,"HS",41,0,82105,1,-1,-1
"973",1986,"HS",41,0,66408,1,-1,-1
"974",1992,"HS",41,0,72580,0,0,-1
"975",1994,"HS",41,0,57410,0,0,-1
"976",1998,"HS",41,82302,0,1,1,1
"977",2000,"HS",41,101129,0,0,0,1
"978",2002,"HS",41,71614,0,1,1,1
"979",2004,"HS",41,0,64029,0,0,-1
"980",2006,"HS",41,78380,0,0,0,1
"981",2010,"HS",41,0,53243,0,0,-1
"982",2012,"HS",41,109743,80362,0,0,0
"983",2014,"HS",41,9403,12483,1,1,0
"984",1974,"HS",42,0,50259,1,-1,-1
"985",1976,"HS",42,39772,62145,1,-1,0
"986",1978,"HS",42,36545,48449,0,0,0
"987",1980,"HS",42,44615,0,0,0,1
"988",1982,"HS",42,34327,75214,1,-1,0
"989",1984,"HS",42,32033,82721,1,-1,0
"990",1990,"HS",42,0,48922,1,-1,-1
"991",1994,"HS",42,74303,0,0,0,1
"992",1998,"HS",42,0,24140,0,0,-1
"993",2000,"HS",42,0,28171,0,0,-1
"994",2002,"HS",42,84012,29049,1,1,0
"995",2006,"HS",42,0,27539,0,0,-1
"996",2014,"HS",42,30991,79010,0,0,0
"997",1978,"HS",43,81013,0,1,1,1
"998",1980,"HS",43,0,37848,0,0,-1
"999",1984,"HS",43,87965,0,1,1,1
"1000",1986,"HS",43,0,40697,0,0,-1
"1001",1988,"HS",43,84980,47620,1,1,0
"1002",1992,"HS",43,42962,0,0,0,1
"1003",1994,"HS",43,0,47895,0,0,-1
"1004",1996,"HS",43,49452,0,0,0,1
"1005",2002,"HS",43,0,26590,0,0,-1
"1006",2006,"HS",43,55871,0,0,0,1
"1007",2012,"HS",43,95673,63251,1,1,0
"1008",2014,"HS",43,28354,13985,1,1,0
"1009",1976,"HS",44,61111,0,1,1,1
"1010",1978,"HS",44,59624,27131,0,0,0
"1011",1980,"HS",44,67677,0,1,1,1
"1012",1984,"HS",44,76168,54477,1,1,0
"1013",1988,"HS",44,0,53868,0,0,-1
"1014",1992,"HS",44,0,77044,0,0,-1
"1015",1994,"HS",44,50370,0,0,0,1
"1016",1996,"HS",44,0,60124,1,-1,-1
"1017",1998,"HS",44,65652,0,1,1,1
"1018",2000,"HS",44,92081,0,0,0,1
"1019",2002,"HS",44,60570,0,1,1,1
"1020",2006,"HS",44,66206,37699,0,0,0
"1021",2008,"HS",44,102896,0,1,1,1
"1022",2010,"HS",44,81347,0,1,1,1
"1023",2014,"HS",44,55793,1501,0,0,0
"1024",1974,"HS",45,54730,0,0,0,1
"1025",1976,"HS",45,68878,32555,1,1,0
"1026",1978,"HS",45,0,24647,0,0,-1
"1027",1980,"HS",45,61208,26440,1,1,0
"1028",1984,"HS",45,69480,34265,1,1,0
"1029",1988,"HS",45,78045,0,1,1,1
"1030",1990,"HS",45,50494,0,1,1,1
"1031",1992,"HS",45,37196,0,1,1,1
"1032",1994,"HS",45,0,12702,0,0,-1
"1033",1998,"HS",45,40001,8666,1,1,0
"1034",2002,"HS",45,40341,0,1,1,1
"1035",2006,"HS",45,45106,9082,0,0,0
"1036",2008,"HS",45,70869,15506,1,1,0
"1037",2010,"HS",45,53745,10724,0,0,0
"1038",2012,"HS",45,100422,57996,1,1,0
"1039",2014,"HS",45,45087,359,0,0,0
"1040",1974,"HS",46,31641,17272,1,1,0
"1041",1976,"HS",46,36871,19616,1,1,0
"1042",1980,"HS",46,0,15153,0,0,-1
"1043",1982,"HS",46,32462,0,1,1,1
"1044",1984,"HS",46,32848,12957,1,1,0
"1045",1988,"HS",46,31509,12261,1,1,0
"1046",1990,"HS",46,20454,7383,1,1,0
"1047",1992,"HS",46,21429,6368,0,0,0
"1048",1994,"HS",46,16264,0,1,1,1
"1049",1998,"HS",46,21654,5137,0,0,0
"1050",2002,"HS",46,27227,4317,0,0,0
"1051",2008,"HS",46,51556,9180,0,0,0
"1052",2012,"HS",46,92870,37928,0,0,0
"1053",2014,"HS",46,45839,18164,1,1,0
"1054",1974,"HS",47,31865,5073,1,1,0
"1055",1976,"HS",47,38586,7871,0,0,0
"1056",1982,"HS",47,42305,5514,1,1,0
"1057",1984,"HS",47,45039,6708,1,1,0
"1058",1988,"HS",47,41708,0,1,1,1
"1059",1992,"HS",47,105838,18344,1,1,0
"1060",1994,"HS",47,66884,17754,0,0,0
"1061",1996,"HS",47,86763,0,1,1,1
"1062",1998,"HS",47,0,12666,0,0,-1
"1063",2000,"HS",47,100328,0,1,1,1
"1064",2002,"HS",47,0,13395,0,0,-1
"1065",2004,"HS",47,118495,0,0,0,1
"1066",2008,"HS",47,134003,23642,1,1,0
"1067",2010,"HS",47,93541,0,0,0,1
"1068",2012,"HS",47,53434,0,0,0,1
"1069",2014,"HS",47,36275,32,1,1,0
"1070",1974,"HS",48,31586,7229,1,1,0
"1071",1976,"HS",48,38133,9188,0,0,0
"1072",1984,"HS",48,59507,9884,1,1,0
"1073",1986,"HS",48,42706,0,1,1,1
"1074",1990,"HS",48,25511,0,0,0,1
"1075",1992,"HS",48,55719,4159,1,1,0
"1076",2000,"HS",48,56030,3394,1,1,0
"1077",2002,"HS",48,41280,0,0,0,1
"1078",2004,"HS",48,68289,8333,1,1,0
"1079",2008,"HS",48,75279,0,1,1,1
"1080",2012,"HS",48,74642,50927,1,1,0
"1081",1974,"HS",49,0,16585,0,0,-1
"1082",1984,"HS",49,81117,25600,1,1,0
"1083",1986,"HS",49,0,17983,0,0,-1
"1084",1990,"HS",49,54518,16396,1,1,0
"1085",1992,"HS",49,0,32258,0,0,-1
"1086",1994,"HS",49,40315,0,1,1,1
"1087",1998,"HS",49,43800,0,0,0,1
"1088",2002,"HS",49,37680,18461,0,0,0
"1089",2004,"HS",49,0,23927,0,0,-1
"1090",2006,"HS",49,39326,0,0,0,1
"1091",2008,"HS",49,62418,30511,1,1,0
"1092",2012,"HS",49,64791,50153,0,0,0
"1093",2014,"HS",49,33030,20678,1,1,0
"1094",1976,"HS",50,48121,0,1,1,1
"1095",1980,"HS",50,51598,0,1,1,1
"1096",1982,"HS",50,64251,0,1,1,1
"1097",1984,"HS",50,70716,18237,1,1,0
"1098",1990,"HS",50,44235,0,0,0,1
"1099",1994,"HS",50,0,7064,0,0,-1
"1100",1998,"HS",50,30592,5514,0,0,0
"1101",2002,"HS",50,31281,11499,1,1,0
"1102",2006,"HS",50,39019,11210,1,1,0
"1103",2012,"HS",50,93445,0,0,0,1
"1104",2014,"HS",50,78093,31113,1,1,0
"1105",1974,"HS",51,28142,53185,1,-1,0
"1106",1978,"HS",51,27235,58101,1,-1,0
"1107",1980,"HS",51,0,82876,1,-1,-1
"1108",1982,"HS",51,0,77833,1,-1,-1
"1109",1984,"HS",51,0,93014,1,-1,-1
"1110",1986,"HS",51,30056,0,0,0,1
"1111",1988,"HS",51,47780,0,0,0,1
"1112",1990,"HS",51,0,60580,1,-1,-1
"1113",1992,"HS",51,74904,0,1,1,1
"1114",1998,"HS",51,0,13202,0,0,-1
"1115",2006,"HS",51,0,16241,0,0,-1
"1116",2008,"HS",51,95589,0,1,1,1
"1117",2012,"HS",51,63292,0,0,0,1
"1118",2014,"HS",51,42261,8277,1,1,0
"1119",1976,"HS",52,0,25559,0,0,-1
"1120",1978,"HS",52,27462,33737,1,1,0
"1121",1980,"HS",52,33684,0,0,0,1
"1122",1982,"HS",52,31104,60101,0,0,0
"1123",1984,"HS",52,32189,75946,1,-1,0
"1124",1990,"HS",52,31583,45264,0,0,0
"1125",1998,"HS",52,45742,0,1,1,1
"1126",2004,"HS",52,59923,0,1,1,1
"1127",2006,"HS",52,37959,0,1,1,1
"1128",2008,"HS",52,72895,11700,0,0,0
"1129",2012,"HS",52,66565,34267,1,1,0
"1130",2014,"HS",52,9578,15056,0,0,0
"1131",1974,"HS",53,25489,25843,0,0,0
"1132",1976,"HS",53,28834,0,0,0,1
"1133",1978,"HS",53,22739,29844,1,-1,0
"1134",1980,"HS",53,0,28321,1,-1,-1
"1135",1986,"HS",53,0,29045,0,0,-1
"1136",1988,"HS",53,55317,38935,1,1,0
"1137",1992,"HS",53,95703,0,0,0,1
"1138",1998,"HS",53,75159,48880,0,0,0
"1139",2000,"HS",53,104431,0,1,1,1
"1140",2004,"HS",53,95156,79505,0,0,0
"1141",2006,"HS",53,75491,47534,0,0,0
"1142",2008,"HS",53,127117,61692,1,1,0
"1143",2012,"HS",53,61651,12803,1,1,0
"1144",2014,"HS",53,31823,0,0,0,1
"1145",1976,"HS",54,38874,10796,1,1,0
"1146",1980,"HS",54,40294,0,1,1,1
"1147",1982,"HS",54,50121,0,1,1,1
"1148",1986,"HS",54,34262,0,0,0,1
"1149",1988,"HS",54,48268,45396,1,-1,0
"1150",1992,"HS",54,0,66282,1,-1,-1
"1151",1994,"HS",54,55628,56225,1,1,0
"1152",1996,"HS",54,64695,66421,1,-1,0
"1153",1998,"HS",54,54330,51291,0,0,0
"1154",2000,"HS",54,0,54938,0,0,-1
"1155",2004,"HS",54,0,73701,0,0,-1
"1156",2006,"HS",54,69890,45128,1,1,0
"1157",2008,"HS",54,0,61650,0,0,-1
"1158",2012,"HS",54,143530,28688,1,1,0
"1159",2014,"HS",54,66082,17506,0,0,0
"1160",1976,"HS",55,0,18880,0,0,-1
"1161",1980,"HS",55,0,14400,0,0,-1
"1162",1982,"HS",55,35687,16767,1,1,0
"1163",1984,"HS",55,44505,0,1,1,1
"1164",1986,"HS",55,29753,14183,0,0,0
"1165",1998,"HS",55,0,11434,0,0,-1
"1166",2000,"HS",55,57735,0,0,0,1
"1167",2002,"HS",55,48299,0,1,1,1
"1168",2006,"HS",55,50006,23421,0,0,0
"1169",2014,"HS",55,5232,43737,0,0,0
"1170",1974,"HS",56,16566,0,0,0,1
"1171",1980,"HS",56,24848,0,1,1,1
"1172",1982,"HS",56,23835,4770,0,0,0
"1173",1984,"HS",56,26981,6124,1,1,0
"1174",1986,"HS",56,21170,4079,1,1,0
"1175",1988,"HS",56,26608,0,0,0,1
"1176",1990,"HS",56,1571,0,1,1,1
"1177",1992,"HS",56,61330,0,1,1,1
"1178",1994,"HS",56,43178,0,1,1,1
"1179",1996,"HS",56,54455,0,0,0,1
"1180",1998,"HS",56,48913,0,1,1,1
"1181",2000,"HS",56,73536,47836,1,1,0
"1182",2002,"HS",56,39519,24751,0,0,0
"1183",2006,"HS",56,43666,31991,0,0,0
"1184",2012,"HS",56,66353,34038,1,1,0
"1185",2014,"HS",56,23060,8132,0,0,0
"1186",1974,"HS",57,40356,14571,1,1,0
"1187",1980,"HS",57,41417,23782,1,1,0
"1188",1982,"HS",57,0,19111,0,0,-1
"1189",1984,"HS",57,0,23416,0,0,-1
"1190",1986,"HS",57,0,15829,0,0,-1
"1191",1988,"HS",57,0,20655,0,0,-1
"1192",1990,"HS",57,32024,15653,1,1,0
"1193",1992,"HS",57,0,24824,0,0,-1
"1194",1994,"HS",57,0,18910,0,0,-1
"1195",1996,"HS",57,46841,20370,1,1,0
"1196",1998,"HS",57,40578,15722,1,1,0
"1197",2000,"HS",57,56710,20675,0,0,0
"1198",2002,"HS",57,0,19677,0,0,-1
"1199",2006,"HS",57,44025,25790,0,0,0
"1200",2012,"HS",57,86644,49832,1,1,0
"1201",2014,"HS",57,32284,30397,1,1,0
"1202",1974,"HS",58,0,38922,0,0,-1
"1203",1978,"HS",58,39522,46362,1,1,0
"1204",1982,"HS",58,39596,0,0,0,1
"1205",1984,"HS",58,41603,0,0,0,1
"1206",1986,"HS",58,32324,0,0,0,1
"1207",1988,"HS",58,45763,86096,1,-1,0
"1208",1990,"HS",58,0,57311,0,0,-1
"1209",1992,"HS",58,62426,0,0,0,1
"1210",1994,"HS",58,45078,0,1,1,1
"1211",1996,"HS",58,0,27678,0,0,-1
"1212",1998,"HS",58,52311,20136,0,0,0
"1213",2000,"HS",58,73028,23978,1,1,0
"1214",2006,"HS",58,53879,23766,0,0,0
"1215",2012,"HS",58,91019,35676,0,0,0
"1216",2014,"HS",58,19392,0,1,1,1
"1217",1976,"HS",59,61384,0,1,1,1
"1218",1978,"HS",59,44586,0,1,1,1
"1219",1982,"HS",59,0,24655,0,0,-1
"1220",1984,"HS",59,55869,27339,1,1,0
"1221",1986,"HS",59,46558,18881,1,1,0
"1222",1990,"HS",59,34650,0,0,0,1
"1223",1996,"HS",59,51551,72438,0,0,0
"1224",2002,"HS",59,37788,65439,1,-1,0
"1225",2004,"HS",59,64375,0,0,0,1
"1226",2006,"HS",59,0,67499,0,0,-1
"1227",2008,"HS",59,73011,0,0,0,1
"1228",2010,"HS",59,52928,82475,0,0,0
"1229",2012,"HS",59,40519,0,0,0,1
"1230",2014,"HS",59,12404,0,1,1,1
"1231",1976,"HS",60,37907,17358,1,1,0
"1232",1978,"HS",60,0,14768,0,0,-1
"1233",1982,"HS",60,40411,0,1,1,1
"1234",1984,"HS",60,44824,21774,1,1,0
"1235",1986,"HS",60,0,23504,0,0,-1
"1236",1988,"HS",60,44187,0,1,1,1
"1237",1990,"HS",60,25408,16127,1,1,0
"1238",1992,"HS",60,0,67397,1,-1,-1
"1239",1994,"HS",60,0,57692,1,-1,-1
"1240",1996,"HS",60,50664,56462,0,0,0
"1241",1998,"HS",60,0,47333,0,0,-1
"1242",2000,"HS",60,0,71113,1,-1,-1
"1243",2002,"HS",60,27964,62260,1,-1,0
"1244",2006,"HS",60,32090,74721,1,-1,0
"1245",2010,"HS",60,44405,83354,1,-1,0
"1246",1974,"HS",61,29694,0,0,0,1
"1247",1976,"HS",61,0,58231,1,-1,-1
"1248",1978,"HS",61,0,59396,0,0,-1
"1249",1980,"HS",61,21225,0,0,0,1
"1250",1984,"HS",61,0,85270,1,-1,-1
"1251",1986,"HS",61,24430,0,0,0,1
"1252",1988,"HS",61,0,84898,0,0,-1
"1253",1990,"HS",61,0,61421,1,-1,-1
"1254",1992,"HS",61,32740,0,0,0,1
"1255",1994,"HS",61,23653,42209,1,-1,0
"1256",1996,"HS",61,32445,0,0,0,1
"1257",2000,"HS",61,51335,0,0,0,1
"1258",2004,"HS",61,58120,33281,1,1,0
"1259",2008,"HS",61,0,33284,0,0,-1
"1260",2012,"HS",61,76774,49003,0,0,0
"1261",2014,"HS",61,47791,36915,1,1,0
"1262",1976,"HS",62,44798,52211,1,-1,0
"1263",1978,"HS",62,39417,44653,1,-1,0
"1264",1984,"HS",62,30854,0,0,0,1
"1265",1988,"HS",62,35843,0,0,0,1
"1266",1990,"HS",62,31060,55469,1,-1,0
"1267",1992,"HS",62,0,30750,0,0,-1
"1268",1996,"HS",62,47064,26148,1,1,0
"1269",2000,"HS",62,0,24628,0,0,-1
"1270",2004,"HS",62,51407,28210,0,0,0
"1271",2008,"HS",62,78003,0,1,1,1
"1272",2012,"HS",62,98047,0,1,1,1
"1273",2014,"HS",62,21587,7357,0,0,0
"1274",1974,"HS",63,0,34229,0,0,-1
"1275",1978,"HS",63,51325,0,1,1,1
"1276",1980,"HS",63,0,23786,0,0,-1
"1277",1988,"HS",63,48611,48391,1,-1,0
"1278",1992,"HS",63,42860,0,0,0,1
"1279",1994,"HS",63,35217,73208,1,-1,0
"1280",1998,"HS",63,0,67563,1,-1,-1
"1281",2000,"HS",63,51548,0,0,0,1
"1282",2002,"HS",63,31759,49480,0,0,0
"1283",2004,"HS",63,0,83719,0,0,-1
"1284",2006,"HS",63,39655,59340,1,-1,0
"1285",2010,"HS",63,52653,72866,0,0,0
"1286",2012,"HS",63,76258,26093,0,0,0
"1287",2014,"HS",63,12089,6597,1,1,0
"1288",1974,"HS",64,31340,42494,0,0,0
"1289",1976,"HS",64,44168,0,0,0,1
"1290",1980,"HS",64,27183,74267,1,-1,0
"1291",1990,"HS",64,29203,56646,1,-1,0
"1292",1992,"HS",64,0,56298,0,0,-1
"1293",1994,"HS",64,24606,0,0,0,1
"1294",2002,"HS",64,32118,55351,0,0,0
"1295",2004,"HS",64,61120,96606,1,-1,0
"1296",2006,"HS",64,42314,66501,1,-1,0
"1297",2008,"HS",64,0,124414,0,0,-1
"1298",2010,"HS",64,56574,75737,1,-1,0
"1299",2014,"HS",64,32115,0,0,0,1
"1300",1974,"HS",65,27676,0,0,0,1
"1301",1976,"HS",65,47021,27385,1,1,0
"1302",1978,"HS",65,39435,27287,1,1,0
"1303",1980,"HS",65,43909,0,0,0,1
"1304",1988,"HS",65,0,85982,1,-1,-1
"1305",1990,"HS",65,38358,57331,0,0,0
"1306",1992,"HS",65,50768,0,0,0,1
"1307",1998,"HS",65,0,56523,1,-1,-1
"1308",2002,"HS",65,32749,56598,0,0,0
"1309",2004,"HS",65,58454,93676,1,-1,0
"1310",2006,"HS",65,41906,0,0,0,1
"1311",2008,"HS",65,82305,93566,1,-1,0
"1312",2010,"HS",65,57212,78475,1,-1,0
"1313",2014,"HS",65,53100,63969,1,1,0
"1314",1974,"HS",66,36275,14060,0,0,0
"1315",1976,"HS",66,45078,23693,1,1,0
"1316",1978,"HS",66,41475,22047,1,1,0
"1317",1980,"HS",66,0,32027,0,0,-1
"1318",1982,"HS",66,41289,38741,1,1,0
"1319",1984,"HS",66,0,39935,0,0,-1
"1320",1986,"HS",66,44824,24358,1,1,0
"1321",1994,"HS",66,0,79814,0,0,-1
"1322",1996,"HS",66,0,91676,1,-1,-1
"1323",1998,"HS",66,48949,78961,1,-1,0
"1324",2000,"HS",66,0,112328,0,0,-1
"1325",2002,"HS",66,25930,55205,0,0,0
"1326",2004,"HS",66,53481,0,0,0,1
"1327",2008,"HS",66,69040,95093,1,-1,0
"1328",2010,"HS",66,44134,81176,1,-1,0
"1329",2014,"HS",66,84134,85397,1,1,0
"1330",1974,"HS",67,0,47053,1,-1,-1
"1331",1980,"HS",67,36813,0,0,0,1
"1332",1984,"HS",67,28035,0,0,0,1
"1333",1988,"HS",67,33924,99064,1,-1,0
"1334",1990,"HS",67,33821,68861,1,-1,0
"1335",1992,"HS",67,0,95444,1,-1,-1
"1336",1994,"HS",67,33871,93381,1,-1,0
"1337",1996,"HS",67,54085,80013,0,0,0
"1338",1998,"HS",67,43372,0,0,0,1
"1339",2000,"HS",67,46202,0,0,0,1
"1340",2002,"HS",67,31593,69420,1,-1,0
"1341",2004,"HS",67,0,107847,1,-1,-1
"1342",2008,"HS",67,65622,108502,1,-1,0
"1343",2010,"HS",67,46435,91108,1,-1,0
"1344",2012,"HS",67,0,67232,0,0,-1
"1345",2014,"HS",67,24444,86286,1,-1,0
"1346",1978,"HS",68,45757,35576,1,1,0
"1347",1980,"HS",68,0,37744,0,0,-1
"1348",1982,"HS",68,44945,38659,0,0,0
"1349",1984,"HS",68,59504,53786,1,1,0
"1350",1986,"HS",68,0,42301,0,0,-1
"1351",1992,"HS",68,46222,61615,0,0,0
"1352",1994,"HS",68,29858,51398,1,-1,0
"1353",1996,"HS",68,39754,56493,1,-1,0
"1354",2002,"HS",68,23721,0,0,0,1
"1355",2004,"HS",68,50453,78606,0,0,0
"1356",2008,"HS",68,61239,72034,1,-1,0
"1357",2010,"HS",68,46269,57016,0,0,0
"1358",2012,"HS",68,67448,104706,1,-1,0
"1359",2014,"HS",68,46046,101668,1,-1,0
"1360",1974,"HS",69,36017,0,0,0,1
"1361",1976,"HS",69,37524,63182,0,0,0
"1362",1980,"HS",69,32204,69244,1,-1,0
"1363",1986,"HS",69,30091,70377,1,-1,0
"1364",1988,"HS",69,40312,95928,1,-1,0
"1365",1990,"HS",69,37458,64384,1,-1,0
"1366",1992,"HS",69,32700,0,1,1,1
"1367",1994,"HS",69,18315,0,0,0,1
"1368",1996,"HS",69,24452,0,0,0,1
"1369",1998,"HS",69,22664,18323,1,-1,0
"1370",2000,"HS",69,0,17323,0,0,-1
"1371",2002,"HS",69,25392,13487,1,1,0
"1372",2004,"HS",69,38516,0,0,0,1
"1373",2006,"HS",69,28339,14854,0,0,0
"1374",1974,"HS",70,0,54668,0,0,-1
"1375",1976,"HS",70,38206,0,0,0,1
"1376",1980,"HS",70,30319,0,0,0,1
"1377",1986,"HS",70,34265,89731,1,-1,0
"1378",1988,"HS",70,51773,124329,1,-1,0
"1379",1990,"HS",70,50418,92531,1,-1,0
"1380",1992,"HS",70,0,93865,1,-1,-1
"1381",2000,"HS",70,54349,0,0,0,1
"1382",2002,"HS",70,0,73880,1,-1,-1
"1383",2004,"HS",70,0,112844,0,0,-1
"1384",2008,"HS",70,83709,114556,1,-1,0
"1385",2010,"HS",70,58208,0,0,0,1
"1386",2014,"HS",70,70927,45122,0,0,0
"1387",1974,"HS",71,37060,0,0,0,1
"1388",1976,"HS",71,47238,47202,0,0,0
"1389",1978,"HS",71,42471,33342,1,1,0
"1390",1980,"HS",71,0,46559,0,0,-1
"1391",1982,"HS",71,0,48103,0,0,-1
"1392",1986,"HS",71,29711,0,0,0,1
"1393",1988,"HS",71,34000,76700,1,-1,0
"1394",1990,"HS",71,31935,48923,1,-1,0
"1395",1992,"HS",71,60279,97714,0,0,0
"1396",1998,"HS",71,0,89193,1,-1,-1
"1397",2002,"HS",71,25770,69764,0,0,0
"1398",2004,"HS",71,54041,120657,1,-1,0
"1399",2012,"HS",71,62330,106663,1,-1,0
"1400",2014,"HS",71,109,104343,1,-1,-1
"1401",1974,"HS",72,0,23084,0,0,-1
"1402",1976,"HS",72,0,29380,0,0,-1
"1403",1978,"HS",72,38841,23620,1,1,0
"1404",1984,"HS",72,37112,36856,1,1,0
"1405",1988,"HS",72,33194,34037,0,0,0
"1406",1992,"HS",72,45934,0,0,0,1
"1407",1994,"HS",72,0,77951,1,-1,-1
"1408",1996,"HS",72,0,103800,0,0,-1
"1409",1998,"HS",72,31320,0,0,0,1
"1410",2000,"HS",72,0,94687,0,0,-1
"1411",2002,"HS",72,22236,0,0,0,1
"1412",2004,"HS",72,41528,0,0,0,1
"1413",2006,"HS",72,0,55664,0,0,-1
"1414",2010,"HS",72,0,68751,0,0,-1
"1415",2012,"HS",72,0,79110,0,0,-1
"1416",2014,"HS",72,11556,36677,1,-1,0
"1417",1974,"HS",73,47344,48964,1,-1,0
"1418",1978,"HS",73,0,47253,0,0,-1
"1419",1980,"HS",73,68572,72775,1,1,0
"1420",1982,"HS",73,37196,66241,1,-1,0
"1421",1988,"HS",73,45930,0,0,0,1
"1422",1990,"HS",73,54716,70161,1,-1,0
"1423",1994,"HS",73,31588,74761,1,-1,0
"1424",1996,"HS",73,36775,0,0,0,1
"1425",2000,"HS",73,40784,93035,1,-1,0
"1426",2002,"HS",73,0,64271,1,-1,-1
"1427",2004,"HS",73,0,100328,0,0,-1
"1428",2006,"HS",73,0,75600,1,-1,-1
"1429",2008,"HS",73,0,87905,0,0,-1
"1430",2010,"HS",73,49846,81164,1,-1,0
"1431",2012,"HS",73,72196,130030,1,-1,0
"1432",2014,"HS",73,36292,85136,0,0,0
"1433",1974,"HS",74,37735,70418,1,-1,0
"1434",1976,"HS",74,61720,0,0,0,1
"1435",1978,"HS",74,35476,101622,0,0,0
"1436",1980,"HS",74,33590,0,0,0,1
"1437",1988,"HS",74,0,101958,1,-1,-1
"1438",1990,"HS",74,38386,69856,1,-1,0
"1439",1994,"HS",74,38465,71715,0,0,0
"1440",1996,"HS",74,0,79942,1,-1,-1
"1441",2000,"HS",74,51213,86384,0,0,0
"1442",2002,"HS",74,36315,0,0,0,1
"1443",2004,"HS",74,68180,0,0,0,1
"1444",2006,"HS",74,52747,72980,0,0,0
"1445",2008,"HS",74,72126,0,0,0,1
"1446",2010,"HS",74,56033,0,0,0,1
"1447",2012,"HS",74,84520,110190,1,-1,0
"1448",2014,"HS",74,9310,64138,0,0,0
"1449",1976,"HS",75,63218,47825,1,1,0
"1450",1978,"HS",75,42191,57449,1,1,0
"1451",1980,"HS",75,0,88884,1,-1,-1
"1452",1988,"HS",75,47914,106097,1,-1,0
"1453",1992,"HS",75,0,100858,0,0,-1
"1454",1994,"HS",75,31145,91109,1,-1,0
"1455",1996,"HS",75,35805,0,0,0,1
"1456",2000,"HS",75,50005,0,0,0,1
"1457",2002,"HS",75,0,64452,0,0,-1
"1458",2004,"HS",75,0,108728,1,-1,-1
"1459",2006,"HS",75,52881,0,0,0,1
"1460",2008,"HS",75,0,98758,0,0,-1
"1461",2010,"HS",75,0,92430,1,-1,-1
"1462",2012,"HS",75,58783,98686,0,0,0
"1463",2014,"HS",75,6036,51263,1,-1,0
"1464",1974,"HS",76,40600,78613,0,0,0
"1465",1978,"HS",76,50491,103208,0,0,0
"1466",1980,"HS",76,48651,0,0,0,1
"1467",1986,"HS",76,0,79687,1,-1,-1
"1468",1988,"HS",76,45198,0,0,0,1
"1469",1990,"HS",76,39304,0,0,0,1
"1470",1996,"HS",76,0,59128,0,0,-1
"1471",1998,"HS",76,0,34143,0,0,-1
"1472",2000,"HS",76,0,47295,0,0,-1
"1473",2002,"HS",76,63682,0,1,1,1
"1474",2004,"HS",76,93601,0,0,0,1
"1475",2006,"HS",76,73932,39560,1,1,0
"1476",2008,"HS",76,113754,0,1,1,1
"1477",2010,"HS",76,75357,0,0,0,1
"1478",2012,"HS",76,0,88295,0,0,-1
"1479",2014,"HS",76,0,69829,1,-1,-2
"1480",1974,"HS",77,55921,0,1,1,1
"1481",1978,"HS",77,33634,67982,1,-1,0
"1482",1982,"HS",77,0,88315,1,-1,-1
"1483",1984,"HS",77,0,108742,1,-1,-1
"1484",1986,"HS",77,23373,66369,1,-1,0
"1485",1988,"HS",77,0,82428,0,0,-1
"1486",1994,"HS",77,42389,53442,1,1,0
"1487",1996,"HS",77,48714,0,0,0,1
"1488",1998,"HS",77,37962,0,0,0,1
"1489",2000,"HS",77,52554,0,0,0,1
"1490",2002,"HS",77,0,70315,1,-1,-1
"1491",2004,"HS",77,0,106827,1,-1,-1
"1492",2006,"HS",77,0,69436,0,0,-1
"1493",2008,"HS",77,0,92621,1,-1,-1
"1494",2010,"HS",77,0,82909,0,0,-1
"1495",2012,"HS",77,75824,114314,0,0,0
"1496",1974,"HS",78,0,28980,0,0,-1
"1497",1976,"HS",78,0,46374,0,0,-1
"1498",1980,"HS",78,60871,47827,1,1,0
"1499",1982,"HS",78,60494,0,0,0,1
"1500",1984,"HS",78,83193,0,1,1,1
"1501",1988,"HS",78,78606,0,1,1,1
"1502",1990,"HS",78,0,40561,0,0,-1
"1503",1994,"HS",78,63557,0,1,1,1
"1504",1996,"HS",78,69587,65440,0,0,0
"1505",1998,"HS",78,65566,44484,1,1,0
"1506",2000,"HS",78,79764,54700,1,1,0
"1507",2002,"HS",78,44247,0,0,0,1
"1508",2004,"HS",78,74888,0,0,0,1
"1509",2006,"HS",78,46846,0,0,0,1
"1510",2014,"HS",78,118146,75488,1,1,0
"1511",1974,"HS",79,32547,0,1,1,1
"1512",1976,"HS",79,43358,0,1,1,1
"1513",1980,"HS",79,42884,26169,1,1,0
"1514",1982,"HS",79,44373,19562,1,1,0
"1515",1984,"HS",79,0,23420,0,0,-1
"1516",1988,"HS",79,0,21566,0,0,-1
"1517",1990,"HS",79,31538,0,1,1,1
"1518",1994,"HS",79,0,14601,0,0,-1
"1519",1996,"HS",79,48509,19338,1,1,0
"1520",1998,"HS",79,39636,12226,1,1,0
"1521",2000,"HS",79,0,13708,0,0,-1
"1522",2002,"HS",79,0,17195,0,0,-1
"1523",2004,"HS",79,78565,0,1,1,1
"1524",2006,"HS",79,39437,23395,0,0,0
"1525",2014,"HS",79,35886,0,1,1,1
"1526",1974,"HS",80,0,15547,0,0,-1
"1527",1976,"HS",80,64733,22606,1,1,0
"1528",1980,"HS",80,62579,37179,1,1,0
"1529",1982,"HS",80,52630,47136,0,0,0
"1530",1984,"HS",80,66318,0,1,1,1
"1531",1986,"HS",80,39806,0,1,1,1
"1532",1988,"HS",80,49803,0,1,1,1
"1533",1990,"HS",80,36146,21884,1,1,0
"1534",1992,"HS",80,56760,0,0,0,1
"1535",1994,"HS",80,41671,53794,1,1,0
"1536",1996,"HS",80,0,61864,1,-1,-1
"1537",1998,"HS",80,0,52823,1,-1,-1
"1538",2000,"HS",80,53849,0,0,0,1
"1539",2002,"HS",80,33757,36254,0,0,0
"1540",2014,"HS",80,43362,0,0,0,1
